{"total_births": 31827131.26755339, "last_time": 1728488470.352503}